UID,R-X,ResponseText
dc6ec21b,R-140,concatenation seemed more intuitive and easier to understand 
3640ad02,R-28,I have not done much on interpolation but string concatenation seemed different to read.
6985aac2,R-111,I find string concatenation more readable because it doesn't seem as cluttered.
bd6ce367,R-142,I found concatenation more readable since I rarely see interpolation actually used.
4335980f,R-96,Interpolation
b2479403,R-136,"String concatenation, just made sense"
a35f3b7c,R-55,i think the ones with + is much more readable 
f00509f8,R-227,The approach I used was looking at the options and choosing which one made sense.
a7dd6579,R-42,Concatenation just due to the easy syntax.
e9c7af5a,R-60,I think I liked the {} the most
d6cd9868,R-210,String interpolation because of the spacing in syntax. 
4b83634a,R-148,interpolation as it was simpler to understand
b497781f,R-265,"Concatenation, as im used to C++, it just seemed more familiar to me."
0ac00660,R-158,.
13eb5ba1,R-268,I like the approach with the {varName} its super easy to read and useful
b45fec71,R-194,String concatenation
47fbae2a,R-13,I find interpolation to be more readable. F-Strings are my preferred method when dealing with strings if that option is available in the language.
4cfa0c11,R-288,concatenation seemed more readable to me because of the simplicity of it and the spacing being much more readable.
7cfe5043,R-67,"I found concatenation more readable because it was easier just putting together the words with the ""+"" than using the {}. "
ace673cf,R-4,I tried going from left to right and eliminating the answers which failed to follow the concatenation rules
8c05e2c0,R-89,Interpolation was more easy to look at and instantly translate. Concatenation took longer to think about.
2dfa0faa,R-315,"String concatenation I found to be easier to read than interpolation, due to having more experience with concatenation. "
04610c94,R-32,"String concatenation, but because i had more experience with it. I havent used or heard interpolation.  "
2e2c74c2,R-117,I believe concatenation is easier to read because you are just adding the two strings together
117618b0,R-39,I find it more readable using string concatenation because that's how we got through during my classes.
49040fd4,R-244,I personally like the string interpolation as it leaves it clearer to me personally what is a variable type and what is not
1dff0253,R-297,The approach that I found more readable was just only using quotation marks and no brackets because I didn't know what the brackets did.
bd6ae87b,R-106,I found string concatenation more readable. It simply feels more logical to use '+'. I also just am not too familiar with string interpolation.
bbfca9f0,R-26,I found concatenation a little more readable because the + allows me to know when something ends and begins. 
771f4a8a,R-187,I prefer concatenation as the plus symbols just make it easier for me personally to see what's a part of what.
ef5ce2e9,R-15,Interpolation because it reduced the amount of quotations marks and minimized the confusion of quotation marks within concatenated strings.
6073919e,R-143,I found string concatenation more readable because of the ability to simply replace the variable string in the concatenation. It may also be because I have used string concatenation more than interpolation in the past.
3c59878e,R-2,I think most of the time I found concatenation more readable when just mashing strings together. But for something like a filepath or url (which has a common structure) interpolation was more readable for me.
3801b5d2,R-149,"I found string interpolation more readable because it had a more simplistic, efficient way of understanding versus string concatenation, which felt like it was trying to be dumbed down. I think it ultimately made it more difficult to understand."
e41b6389,R-48,"If complexity isn't an issue, concatenation is easier. Still, it gets weird and hard to read just after a couple of elements/variables are introduced, so interpolation is more elegant and easier to understand overall."
eda4c596,R-36,"Concatenation was more readable. I actually do not recall any exposure to interpolation until this survey, so I am unsure what it means. Concatenatio, thus, was more readable. However, the notation did look more simple than Interpolation."
5fa10aff,R-308,"I considered string concatenation to be more readable than interpolation, because I'm more familiar with concatenation. For example, file navigation was easier to differentiate what was a literal and what was a string variable."
5d8da22d,R-133,"I find string concatenation more readable, it is easier to track what is going on in the concatenation. Tracking what strings to ""put together"" is much easier to track."
1fa8158d,R-16,"String concatenation is more readable because the {} making me feel like it would be printed, and I think everything in the """" should be the strings that would be hardcore printed"
dda1bb6a,R-198,For me concatenation was more readable but interpolation looks neater. I think concatenation was more readable only because its what I'm used to. I never really used interpolation when I was taught.
5df1fa9d,R-266,"The ones without the brackets felt more readable, but at times both versions felt hard to read or understand, especially because some of it was misspelt so it didn't match with any of the answers."
108e1ffd,R-247,"String concatenation was easier to read than string interpolation. For example, with interpolation, its harder to read ""{1, 2, 3} 4 3, {4, 5 6}"" than firstList + "" 4, 3, "" + secondList."
450da20d,R-90,"I found both to be okay, but I find concatenation to be easier since the '+' sign is very visible to see where the strings connect."
e625e390,R-284,"I found interpolation much easier to read because it shows when it whether an immediate string is being printed or a string variable is, it can all be placed inside quotes as well ex. a = there; ""hello {a}"""
5e39f827,R-215,"I think I found reading interpolation was easier to read because for some examples, it didn't need to use the plus sign as concatenation does and that process takes more time to work on than interpolation."
ee40e83d,R-75,I found string concatenation to be more readable because I was easily able to distinguish what was being joined together as well as where the spaces would be.
66676146,R-177,"I found the string concatenation more readable as throughout life I have been more predisposed to the ""+"" symbol meaning to add two subjects together, helping me to be better at reading it than interpolation."
77b83110,R-14,"Concatenation seemed to be much more readable. When seeing ""a = "" + a + "", b = "" + b you are able to quickly see what is going on. With interpolation, you start seeing different pieces all in the same string which can start to get visually confusing when there is a lot of interpolation in the same string. Concatenation spaces it out in a more readable format."
085c8085,R-139,"I personally find string concatenation to be easier to read. I think this is mostly due to it having less visual clutter. The curly braces used in interpolation in this case can conflict with the contents of the string. This can lead to them being harder to distinguish. This is not to say that it does not come with any downsides however. I personally find it easier to write code that includes string interpolation, even if I do find it harder to read after the fact, and it is much easier to make spacing mistakes with concatenation."
af6e6ccb,R-35,"String concatenation was more readable in most circumstances as I was more familiar with it. I also wasn't fully aware of how interpolation worked and what you expected my response to be. For example, I had no idea what {(3 0 1)} could mean. I usually just selected the ones without the braces unless I was given a particular value to substitute in. However, where particular values were provided and there was just one string like a=5, b=6, something like ""there are {a} cats and {b} dogs"" is more readable than concatenation, if not by much. "
4108241f,R-1,"I found string interpolation more readable overall. It reduces visual noise by embedding variables directly into the string, avoiding repetitive "" + var + "" patterns. For example, f""Hello {name}"" is clearer and more concise than ""Hello "" + name. It makes it easier to understand the intended output at a glance, especially when multiple variables are involved."
4b83afb9,R-185,"String Interpolation felt easier to read when it comes to words already stored in variables or strings, while string concatenation works okay for any type. In general though, any of the number ones felt kind of hard to understand in this test, not sure if it was the way it was typed or not. "
84b9be55,R-189,"String concatenation felt more readable. When I see the plus, I know the next thing is simply added to the previous thing. String interpolation was not as familiar to me as someone who primarily knows C++. My understanding of {} changed as I went through the questions and scanned answer choices and so my later answers might contradict my previous answers. For example, at one point I assumed curly braces inside quotations do not count as interpolation but just output as curly braces. However, none of the answer choices reflected that, so I had to change my assumptions."
77ddcb3f,R-255,"I found interpolation to be more readable because it got rid of unnecessary spaces that clog up my reading when using concatenation. With interpolation, all that separates a pure string from a variable being dereferenced is ""{"" and ""}"", whereas with concatenation, it's ""' + "" and/or "" + '""."
22be8405,R-212,"String concatenation is more readable for me because it keeps everything straightforward and separated, making it easier to control how the string is built. For example, ""Hello, "" + name + ""!"" is clear about what’s being added to the string, while interpolation can sometimes be harder to track when more variables are involved."
08a7321d,R-197,"String concatenation was more readable, but most likely due to personal experience. I wouldn't say that I'm some genius or expert in computer science/coding, but have decent understanding of C++ due to my college classes. Just based on C++ and my experiences, I am more familiar with string concatenation than interpolation. "
1c6866d8,R-118,"I prefer string interpolation rather than string concatenation. I found string interpolation more reasonable, as various languages handle string concatenation differently. For example, in JavaScript, it will type coerce numbers into strings and perform other abnormal operations. This prior experience hindered my understanding of reading string concatenation. However, string interpolation does not provide that ambiguity."
fa848178,R-260,"I am used to string concatenation, but never really encounter string interpolation. I think I liked string interpolation more, because I did not have to worry about reading the + symbol. I think the brackets are easier to read and it's easier to figure out what is supposed to be within the brackets. {}"
02f6d9a0,R-279,"Interpolation seems to be a little bit more readable than concatenation. With concatenation, having all the strings separated with a plus sign made it confusing to visualize a final resulting string, interpolation on the other hand made it very simple to visualize the result of how a string variable being inserted in another string.  "
76b730a5,R-81,"I found string interpolation easier to read, because I didn't have to worry about spaces and what data types I was dealing with. For instance, I know I was working on this question that had ""(1+1+1+1)"" and I kept thinking that it was 4. But its not, it would be ""(1111)""."
63c5bdb9,R-46,"Usually string interpolation, as it allows to perceive the whole string and see where the values are ""inserted"" rather than as a sequence of possibly mistaken concatenation (which based on language and/or order of characters can lead to different results)"
b187614f,R-228,"I found string interpolation more readable. Concatenation, with using +, was more confusing to read because I kept getting confused with arithmetic. Some of the examples in this survey included concatenations like (1+1+1+1) and it took me a few seconds to not read this as arithmetic but as string concatenation. With string interpolation, the strings themselves are defined as variables that are simply (visually simple to understand) inserted into strings like {string}, and it just makes it easier to read because the ""{ }"" can't be confused with other common symbols, like + for addition. Also, the ""{ }"" look like dividers which more clearly show where the string is being inserted. Concatenation doesn't have clearly visible barriers, unlike ""{ }"", so I also got confused with seeing where strings ended and started."
